,epoch,train_loss,eval_loss,eval_top1,eval_top5,lr
"cadamw, lr=1e-03",184.0,2.2688851356506348,1.0868136840820313,73.52000141601563,91.60000036621092,2.4471741852423235e-05
"cadamw, lr=5e-04",199.0,2.163278102874756,1.0976034646987916,73.3900005859375,91.31000137939454,7.70666566718009e-07
"cadamw, lr=1e-03, clip grads",203.0,2.1360626220703125,1.1043113907814026,73.33000158691407,91.41000042724608,6.168375916970616e-08
"adamw, lr=1e-03, clip grads",195.0,2.2746386528015137,1.142998440361023,72.11000151367188,90.47000052490236,4.988171141721176e-06
"adamw, lr=5e-04",185.0,2.3040246963500977,1.1535791856765747,71.50000120849609,90.4800001953125,1.1051746300417442e-05
"adamw, lr=1e-03",199.0,2.223684310913086,1.1657958560943604,71.22999993896484,90.30999958496092,1.541333133436018e-06
"cadamw, lr=2e-04",189.0,2.538627862930298,1.2325929063796996,68.94999995117188,89.61000139160156,2.763007960232344e-06
"adamw, lr=2e-04",203.0,2.579624652862549,1.3085522148132325,67.11000026855469,88.66000164794922,1.2336751833941227e-08
